Абитуриент 93,73,1,4
Абитуриент 385,72,1,4
Абитуриент 657,72,1,9
Абитуриент 30,71,1,3
Абитуриент 287,71,1,3
Абитуриент 40,70,1,
Абитуриент 452,70,1,
Абитуриент 327,68,1,4
Абитуриент 672,68,1,
Абитуриент 833,67,1,6
Абитуриент 908,66,1,10
Абитуриент 643,65,1,10
Абитуриент 1014,65,1,8
Абитуриент 51,64,9,1
Абитуриент 220,63,9,1
Абитуриент 388,63,1,2
Абитуриент 138,62,1,8
Абитуриент 174,62,1,10
Абитуриент 181,62,1,4
Абитуриент 545,62,1,2
Абитуриент 767,62,1,8
Абитуриент 858,62,1,6
Абитуриент 482,60,1,7
Абитуриент 748,60,1,4
Абитуриент 1016,60,1,6
Абитуриент 459,59,1,3
Абитуриент 666,58,1,6
Абитуриент 13,57,1,10
Абитуриент 455,57,1,
Абитуриент 930,57,1,7
Абитуриент 55,56,1,9
Абитуриент 500,56,1,7
Абитуриент 132,55,1,4
Абитуриент 163,55,1,2
Абитуриент 275,55,1,4
Абитуриент 1004,55,1,10
Абитуриент 108,52,1,
Абитуриент 645,52,9,1
Абитуриент 430,51,1,4
Абитуриент 434,51,1,8
